Company / Account,Domain Name
APC by Schneider Electric,apc.com
APC by Schneider Electric,apc.com
APC by Schneider Electric,apcc.com
APC by Schneider Electric,schneider-electric.com
Schneider,non.se.com
Schneider,schneider.com
Schneider,schneider.com
Schneider,schneider.com
Schneider,schneider.com
Schneider,schneider.com
Schneider,schneider.com
Schneider,schneider.com
Schneider,schneider.com
Schneider,schneider.com
Schneider,schneider.com
Schneider,schneider.com
Schneider,schneider.com
Schneider,schneider.com
Schneider,schneider.com
Schneider,schneider.com
Schneider,schneider.com
Schneider,schneider.com
Schneider,schneider.com
Schneider,schneider.com
Schneider,schneider.com
Schneider,schneider.com
Schneider,schneider.com
Schneider,schneider.com
Schneider,schneider.com
Schneider,schneider.com
Schneider,schneider.com
Schneider,schneider.com
Schneider,schneider.com
Schneider,schneider.com
Schneider,schneider.com
Schneider,schneider.com
Schneider,schneider.com
Schneider,schneider.com
Schneider,schneider.com
Schneider,schneider.com
Schneider,schneider.com
Schneider,schneider.com
Schneider,schneider.com
Schneider,schneider.com
Schneider,schneider.com
Schneider,schneider.com
Schneider,schneider.com
Schneider,schneider.com
Schneider,schneider.com
Schneider,schneider.com
Schneider,schneider.com
Schneider,schneider.com
Schneider,schneider.com
Schneider,schneider.com
Schneider,schneider.com
Schneider,schneider.com
Schneider,schneider.com
Schneider,schneider.com
Schneider,schneider.com
Schneider,schneider.com
Schneider,schneider.com
Schneider,schneider.com
Schneider,schneider.com
Schneider,schneider.com
Schneider,schneider.com
Schneider,schneider.com
Schneider,schneider.com
Schneider,schneider.com
Schneider,schneider.com
Schneider,schneider.com
Schneider,schneider.com
Schneider,schneider.com
Schneider,schneider.com
Schneider,schneider.com
Schneider,schneider.com
Schneider,schneider.com
Schneider,schneider.com
Schneider,schneider.com
Schneider,schneider.com
Schneider,schneider.com
Schneider,schneider.com
Schneider,schneider.com
Schneider,schneider.com
Schneider,schneider.com
Schneider,schneider.com
Schneider,schneider.com
Schneider,schneider.com
Schneider,schneider.com
Schneider,schneider.com
Schneider,schneider.com
Schneider,schneider.com
Schneider,schneider.com
Schneider,schneider.com
Schneider,schneider.com
Schneider,schneidercorp.com
Schneider,schneider-electric.com
Schneider,schneider-electric.com
Schneider,se.com
"Schneider Downs & Co., Inc.",schneiderdowns.com
Schneider Downs & Co. Inc,schneiderdowns.com
Schneider Downs & Co. Inc,schneiderdowns.com
Schneider Downs & Co. Inc,schneiderdowns.com
Schneider Downs & Co. Inc,schneiderdowns.com
Schneider Downs & Co. Inc,schneiderdowns.com
Schneider Downs & Co. Inc,schneiderdowns.com
Schneider Downs & Co. Inc,schneiderdowns.com
Schneider Downs & Co. Inc,schneiderdowns.com
Schneider Downs & Co. Inc,schneiderdowns.com
Schneider Downs & Co. Inc,schneiderdowns.com
Schneider Downs & Co. Inc,schneiderdowns.com
Schneider Downs & Co. Inc,schneiderdowns.com
Schneider Downs & Co. Inc,schneiderdowns.com
Schneider Downs & Co. Inc,schneiderdowns.com
Schneider Downs & Co. Inc,schneiderdowns.com
Schneider Downs & Co. Inc,schneiderdowns.com
Schneider Downs & Co. Inc,schneiderdowns.com
Schneider Downs & Co. Inc,schneiderdowns.com
Schneider Downs & Co. Inc,schneiderdowns.com
Schneider Downs & Co. Inc,schneiderdowns.com
Schneider Downs & Co. Inc,schneiderdowns.com
Schneider Downs & Co. Inc,schneiderdowns.com
Schneider Downs & Co. Inc,schneiderdowns.com
Schneider Downs & Co. Inc,schneiderdowns.com
Schneider Downs & Co. Inc,schneiderdowns.com
Schneider Downs & Co. Inc,schneiderdowns.com
Schneider Electric,
Schneider Electric,
Schneider Electric,
Schneider Electric,
Schneider Electric,
Schneider Electric,
Schneider Electric,
Schneider Electric,
Schneider Electric,
Schneider Electric,
Schneider Electric,
Schneider Electric,
Schneider Electric,
Schneider Electric,
Schneider Electric,
Schneider Electric,
Schneider Electric,
Schneider Electric,es.schneider-electric.com
Schneider Electric,jp.schneider-electric.com
Schneider Electric,nc.rr.com
Schneider Electric,non.schneider-electric.com
Schneider Electric,non.schneider-electric.com
Schneider Electric,non.schneider-electric.com
Schneider Electric,non.schneider-electric.com
Schneider Electric,non.schneider-electric.com
Schneider Electric,non.schneider-electric.com
Schneider Electric,schneider-electric.com
SCHNEIDER ELECTRIC,schneider-electric.com
Schneider Electric,schneider-electric.com
Schneider Electric,schneider-electric.com
Schneider Electric,schneider-electric.com
SCHNEIDER ELECTRIC,schneider-electric.com
SCHNEIDER ELECTRIC,schneider-electric.com
Schneider Electric,schneider-electric.com
schneider electric,schneider-electric.com
Schneider Electric,schneider-electric.com
Schneider Electric,schneider-electric.com
Schneider Electric,schneider-electric.com
Schneider Electric,schneider-electric.com
Schneider Electric,schneider-electric.com
Schneider Electric,schneider-electric.com
Schneider Electric,schneider-electric.com
Schneider Electric,schneider-electric.com
Schneider Electric,schneider-electric.com
Schneider Electric,schneider-electric.com
Schneider Electric,schneider-electric.com
Schneider Electric,schneider-electric.com
Schneider Electric,schneider-electric.com
Schneider Electric,schneider-electric.com
Schneider Electric,schneiderelectric-critical.com
Schneider Electric,se.com
Schneider Electric,se.com
Schneider Electric,se.com
Schneider Electric,se.com
Schneider Electric,se.com
Schneider Electric,se.com
Schneider Electric,se.com
Schneider Electric,se.com
Schneider Electric,se.com
Schneider Electric,se.com
schneider electric,se.com
Schneider Electric,se.com
Schneider Electric,se.com
Schneider Electric,se.com
Schneider Electric,se.com
Schneider Electric,se.com
Schneider Electric,se.com
Schneider Electric,se.com
Schneider Electric,se.com
Schneider Electric,se.com
Schneider Electric,se.com
Schneider Electric,se.com
Schneider Electric,se.com
Schneider Electric,se.com
Schneider Electric,se.com
Schneider Electric,se.com
Schneider Electric,sky.com
Schneider Electric,us.schneider-electric.com
Schneider Electric Asia Pacific Limited,schneider-electric.com
Schneider Electric Australia,schneider-electric.com
Schneider Electric Australia,schneider-electric.com
Schneider Electric Australia,schneider-electric.com
Schneider Electric Australia,schneider-electric.com
Schneider Electric Australia,schneider-electric.com
Schneider Electric Australia,schneider-electric.com
Schneider Electric Australia,schneider-electric.com
Schneider Electric Australia,schneider-electric.com
Schneider Electric Australia,schneider-electric.com
Schneider Electric Australia,schneider-electric.com
Schneider Electric Australia,schneider-electric.com
Schneider Electric Australia,schneider-electric.com
Schneider Electric Australia,schneider-electric.com
Schneider Electric Australia,schneider-electric.com
Schneider Electric - Cloud Computing,schneider-electric.com
Schneider Electric DMS NS,schneider-electric-dms.com
Schneider Electric DMS NS,schneider-electric-dms.com
Schneider Electric Energy & Sustainability Services,
Schneider Electric Inc - Australia,au.schneider-electric.com
Schneider Electric Inc - Australia,citiz.net
Schneider Electric Inc - Australia,clipsal.com.au
Schneider Electric Inc - France,
Schneider Electric Inc - France,fr.schneider-electric.com
Schneider Electric Inc - India,
Schneider Electric Inc - Turkey,tr.schneider-electric.com
Schneider Electric Inc - USA,us.schneider-electric.com
Schneider Electric India,in.schneider-electric.com
Schneider Electric India,in.schneider-electric.com
Schneider Electric India,in.schneider-electric.com
Schneider Electric India,in.schneider-electric.com
Schneider Electric India,in.schneider-electric.com
Schneider Electric India,in.schneider-electric.com
Schneider Electric India,in.schneider-electric.com
Schneider Electric India,in.schneider-electric.com
Schneider Electric India,in.schneider-electric.com
Schneider Electric India,in.schneider-electric.com
Schneider Electric India,schneider-electric.com
Schneider Electric India,schneider-electric.com
Schneider Electric India,schneider-electric.com
Schneider Electric India,schneider-electric.com
Schneider Electric India,schneider-electric.com
Schneider Electric India,se.com
Schneider Electric India,summitenergy.com
SCHNEIDER ELECTRIC INDUSTRIES,capgemini.com
SCHNEIDER ELECTRIC INDUSTRIES,schneider-electric.com
Schneider Electric Ireland,ie.schneider-electric.com
Schneider Electric Ireland,ie.schneider-electric.com
Schneider Electric Ireland,ie.schneider-electric.com
Schneider Electric Italia,schneider-electric.com
Schneider Electric Italia,schneider-electric.com
Schneider Electric Italia,schneider-electric.com
Schneider Electric Ltd,invensys.com
Schneider Electric Ltd UK,invensys.com
Schneider Electric Ltd UK,invensys.com
Schneider Electric Ltd UK,invensys.com
Schneider Electric North America,dtn.com
Schneider Electric North America,invensys.com
Schneider Electric North America,invensys.com
Schneider Electric North America,junolighting.com
Schneider Electric North America,schneider-electric.com
Schneider Electric North America,schneider-electric.com
Schneider Electric North America,schneider-electric.com
Schneider Electric North America,schneider-electric.com
Schneider Electric North America,schneider-electric.com
Schneider Electric North America,schneider-electric.com
Schneider Electric North America,schneider-electric.com
Schneider Electric North America,schneider-electric.com
Schneider Electric North America,schneider-electric.com
Schneider Electric North America,schneider-electric.com
Schneider Electric North America,schneider-electric.com
Schneider Electric North America,schneider-electric.com
Schneider Electric North America,schneider-electric.com
Schneider Electric North America,telventdtn.com
Schneider Electric North America,telventdtn.com
Schneider Electric North America,telventdtn.com
Schneider Electric North America,telventdtn.com
Schneider Electric North America,telventdtn.com
Schneider Electric SA,invensys.com
Schneider Electric SA,schneider-electric.com
Schneider Electric SA,schneider-electric.com
Schneider Electric SA,schneider-electric.com
Schneider Electric SA,schneider-electric.com
Schneider Electric SA,schneider-electric.com
Schneider Electric SA,schneider-electric.com
Schneider Electric SA,schneider-electric.com
Schneider Electric SA,schneider-electric.com
Schneider Electric SA,schneider-electric.com
Schneider Electric SA,schneider-electric.com
Schneider Electric SA,schneider-electric.com
Schneider Electric SA,schneider-electric.com
Schneider Electric SA,schneider-electric.com
Schneider Electric SA,schneider-electric.com
Schneider Electric SA,schneider-electric.com
Schneider Electric SA,schneider-electric.com
Schneider Electric SA,schneider-electric.com
Schneider Electric SA,schneider-electric.com
Schneider Electric SA,schneider-electric.com
Schneider Electric SA,schneider-electric.com
Schneider Electric SA,schneider-electric.com
Schneider Electric SA,schneider-electric.com
Schneider Electric SA,schneider-electric.com
Schneider Electric SA,schneider-electric.com
Schneider Electric SA,schneider-electric.com
Schneider Electric SA,schneider-electric.com
Schneider Electric SA,schneider-electric.com
Schneider Electric SA,schneider-electric.com
Schneider Electric SA,schneider-electric.com
Schneider Electric Software,invensys.com
Schneider Electric Software,schneider-electric.com
Schneider Electric Software,se.com
Schneider Electric Software,wonderware.com
"Schneider Electric USA, Inc. - Peru",squared.com
"Schneider Logistics, Inc.",schneider.com
Schneider Mills,schneidermills.com
Schneider National,schneider.com
Schneider National,schneider.com
Schneider National,schneider.com
Schneider National,schneider.com
Schneider National,schneider.com
Schneider National,schneider.com
Schneider National,schneider.com
Schneider National,schneider.com
Schneider National,schneider.com
Schneider National,schneider.com
Schneider National,schneider.com
Schneider National,schneider.com
Schneider National,schneider.com
Schneider National,schneider.com
Schneider National,schneider.com
Schneider National,schneider.com
Schneider National,schneider.com
Schneider National,schneider.com
Schneider National,schneider.com
Schneider National,schneider.com
Schneider National,schneider.com
Schneider National,schneider.com
Schneider National,schneider.com
Schneider National,schneider.com
Schneider National,schneider.com
Schneider National,schneider.com
Schneider National,schneider.com
Schneider National Inc.,schneider.com
Schneider National Inc.,schneider.com
Schneider National Inc.,schneider.com
Schneider National Incorporated,schneider.com
Schneider Optical Machines Inc,schneider-om.com
Schneider Trading Associates Limited,schneidertrading.com
SNP Schneider-Neureither &amp; Partner AG,snp-ag.com
SNP Schneider-Neureither &amp; Partner AG,snp-ag.com
SNP Schneider-Neureither &amp; Partner AG,snp-ag.com
SNP Schneider-Neureither &amp; Partner AG,snp-ag.com
SNP Schneider-Neureither &amp; Partner AG,snp-ag.com
SNP Schneider-Neureither &amp; Partner AG,snp-ag.com
SNP Schneider-Neureither & Partner SE,snpgroup.com
